Salary,Born,City,Pr/St,Cntry,Nat,Ht,Wt,DftYr,DftRd,Ovrl,Hand,Last Name,First Name,Position,Team,GP
925000,97-01-30,Sainte-Marie,QC,CAN,CAN,74,190,2015,1,18,L,Chabot,Thomas,D,OTT,1
2250000,93-12-21,Ottawa,ON,CAN,CAN,74,207,2012,1,15,R,Ceci,Cody,D,OTT,79
8000000,88-04-16,St. Paul,MN,USA,USA,72,218,2006,1,7,R,Okposo,Kyle,RW,BUF,65
3500000,92-01-07,Ottawa,ON,CAN,CAN,77,220,2010,1,3,R,Gudbranson,Erik,D,VAN,30
1750000,94-03-29,Toronto,ON,CAN,CAN,76,217,2012,1,16,R,Wilson,Tom,RW,WSH,82
1500000,79-05-23,Strathroy,ON,CAN,CAN,70,192,1997,6,156,L,Campbell,Brian,D,CHI,80
950000,90-11-21,Stockholm,,SWE,SWE,71,185,2009,2,53,L,Rodin,Anton,RW,VAN,3
842500,93-07-28,Toronto,ON,CAN,CAN,70,183,,,,R,Rodrigues,Evan,LW/C,BUF,30
1250000,92-06-14,Scarborough,ON,CAN,CAN,72,214,2010,2,42,R,Smith-Pelly,Devante,RW/C/LW,N.J,53
925000,93-04-27,Petawawa,ON,CAN,CAN,68,178,2011,7,201,L,Peca,Matthew,C,T.B,10
800000,86-07-27,Lively,ON,CAN,CAN,73,195,,,,L,Desjardins,Andrew,LW/C,CHI,46
600000,92-04-09,Ile Bizard,QC,CAN,CAN,74,204,2010,3,89,L,Chaput,Michael,C,VAN,68
1000000,88-03-17,Brandon,MB,CAN,CAN,72,200,2006,3,66,R,White,Ryan,C,ARI/MIN,65
925000,96-06-20,Holland Landing,ON,CAN,CAN,73,186,2014,1,4,L,Bennett,Sam,C,CGY,81
950000,89-04-20,Red Deer,AB,CAN,CAN,72,195,2007,4,112,R,Sceviour,Colton,C/RW,FLA,80
680000,94-01-06,Edmonton,AB,CAN,CAN,74,187,2012,4,105,L,Kulak,Brett,D,CGY,21
590000,92-04-24,Oakville,ON,CAN,CAN,71,183,2011,7,209,L,Wilson,Scott,LW/C,PIT,78
650000,91-05-13,St. Catharines,ON,CAN,CAN,74,203,2009,3,70,R,Beck,Taylor,LW,EDM/NYR,5
2250000,86-04-28,Ostrava,,CZE,CZE,74,235,2004,6,180,R,Polak,Roman,D,TOR,75
600000,90-10-08,Faribault,MN,USA,USA,76,210,2009,4,114,L,Helgeson,Seth,D,N.J,9
5000000,94-03-09,Vancouver,BC,CAN,CAN,73,215,2012,1,5,L,Rielly,Morgan,D,TOR,76
5250000,92-06-25,Wilcox,SK,CAN,CAN,70,188,2010,1,14,L,Schwartz,Jaden,LW/C,STL,78
925000,96-05-01,Calgary,AB,CAN,SWE,72,190,2014,1,8,R,Nylander,William,C/RW,TOR,81
1600000,90-11-29,Plzen,,CZE,CZE,79,220,,,,R,Sustr,Andrej,D,T.B,80
717500,96-11-26,Colorado Springs,CO,USA,USA,77,203,2015,2,37,R,Carlo,Brandon,D,BOS,82
925000,96-05-25,Havirov,,CZE,CZE,72,181,2014,1,25,R,Pastrnak,David,RW/LW,BOS,75
900000,98-03-14,St. Albert,AB,CAN,CAN,71,191,2016,1,10,L,Jost,Tyson,C/LW/RW,COL,6
3750000,88-05-28,Sherbrooke,QC,CAN,CAN,72,200,2007,1,26,R,Perron,David,LW/RW,STL,82
792500,94-03-23,Boden,,SWE,SWE,75,209,2012,3,81,R,Sundqvist,Oskar,C,PIT,10
600000,90-11-16,Merrimack,NH,USA,USA,74,219,,,,L,Schaller,Tim,C,BOS,59
6000000,91-08-22,Saskatoon,SK,CAN,CAN,73,195,2009,1,5,L,Schenn,Brayden,C/LW,PHI,79
5500000,92-03-20,South St.Paul,MN,USA,USA,72,215,2010,2,37,R,Faulk,Justin,D,CAR,75
724500,92-10-26,Toronto,ON,CAN,CAN,72,192,2011,3,65,L,Cramarossa,Joseph,C/LW,ANA/VAN,59
725000,91-11-01,Sherwood Park,AB,CAN,CAN,72,188,,,,L,Carr,Daniel,LW,MTL,33
4000000,90-06-05,Prague,,CZE,CZE,72,204,2010,3,66,R,Gudas,Radko,D,PHI,67
800000,90-09-23,Rimouski,QC,CAN,CAN,70,206,2009,5,132,L,Bourque,Gabriel,LW/RW,COL,6
4250000,90-06-01,Bern,,CHE,CHE,73,201,2008,2,38,L,Josi,Roman,D,NSH,72
742500,94-05-01,Denver,CO,USA,USA,74,205,2012,4,120,L,Slavin,Jaccob,D,CAR,82
750000,90-06-20,Sterling Heights,MI,USA,USA,75,221,2008,5,128,R,Pateryn,Greg,D,DAL/MTL,36
4500000,86-08-01,Tibro,,SWE,SWE,71,190,2005,7,216,R,Stralman,Anton,D,T.B,73
3000000,92-11-12,Skellefteë,,SWE,SWE,75,215,2011,1,4,R,Larsson,Adam,D,EDM,79
630000,90-05-27,Huntsville,AL,USA,USA,74,196,2009,7,198,R,Dowd,Nic,C,L.A,70
2200000,89-11-21,Roubaix,,FRA,FRA,72,200,,,,L,Roussel,Antoine,LW,DAL,60
650000,90-07-16,Albany,NY,USA,USA,75,221,,,,L,Lashoff,Brian,D,DET,5
1300000,89-04-27,Ottawa,ON,CAN,CAN,69,160,2007,6,179,L,Byron,Paul,LW/C/RW,MTL,81
925000,94-09-22,Stockholm,,SWE,SWE,74,196,2013,1,14,L,Wennberg,Alex,C,CBJ,80
700000,88-02-16,Munich,,DEU,DEU,75,215,2006,4,111,R,Holzer,Korbinian,D,ANA,32
1200000,92-02-18,Kosice,,SVK,SVK,76,210,2010,2,46,L,Marincin,Martin,D,TOR,25
925000,97-01-13,Yaroslavl,,RUS,RUS,73,201,2015,1,7,L,Provorov,Ivan,D,PHI,82
925000,97-06-23,Mt. Brydges,ON,CAN,CAN,76,220,2015,1,11,L,Crouse,Lawson,LW,ARI,72
6000000,88-09-10,Thunder Bay,ON,CAN,CAN,76,220,2006,1,2,L,Staal,Jordan,C/LW,CAR,75
950000,83-10-19,Unity,SK,CAN,CAN,72,200,2002,1,17,R,Gordon,Boyd,C/RW,PHI,13
2500000,94-12-02,Boden,,SWE,SWE,73,192,2013,1,5,R,Lindholm,Elias,C/RW,CAR,72
1050000,91-03-23,Pori,,FIN,FIN,72,193,2009,7,182,L,Haula,Erik,C/LW,MIN,72
792500,95-03-14,Molnlycke,,SWE,SWE,72,201,2013,6,180,L,Blidh,Anton,LW,BOS,19
600000,86-08-09,Bayport,NY,USA,USA,71,197,,,,R,Cannone,Patrick,C,MIN,3
4750000,85-10-12,Malm_,,SWE,SWE,75,210,2004,2,49,L,Soderberg,Carl,C/LW,COL,80
925000,93-02-10,Edmonton,AB,CAN,CAN,74,194,2011,4,92,L,Simpson,Dillon,D,EDM,3
6000000,90-09-20,Mississauga,ON,CAN,CAN,73,211,2009,1,1,L,Tavares,John,C,NYI,77
925000,98-03-02,Calgary,AB,CAN,CAN,73,180,2016,1,8,R,Nylander,Alex,RW/LW,BUF,4
767500,95-04-16,Cornwall,ON,CAN,CAN,73,210,2013,2,40,L,Elie,Remi,LW,DAL,18
3500000,89-06-05,Riverside,CT,USA,USA,68,182,2008,6,157,R,Atkinson,Cam,RW,CBJ,82
4500000,91-03-20,Eden Prairie,MN,USA,USA,72,199,2009,1,16,L,Leddy,Nick,D,NYI,81
750000,83-02-02,Churchill,MB,CAN,CAN,69,195,2001,4,98,R,Tootoo,Jordin,RW,CHI,50
3100000,87-05-02,Caroline,AB,CAN,CAN,70,170,2005,3,67,L,Russell,Kris,D,EDM,68
2350000,94-07-25,Regina,SK,CAN,CAN,72,183,2012,1,7,R,Dumba,Matt,D,MIN,76
750000,91-09-30,Bellmawr,NJ,USA,USA,78,232,,,,R,Robinson,Buddy,RW,OTT,4
700000,87-05-19,Madison,WI,USA,USA,73,216,2005,1,7,R,Skille,Jack,RW,VAN,55
6750000,83-10-03,Toronto,ON,CAN,CAN,72,198,,,,L,Giordano,Mark,D,CGY,81
600000,91-01-18,Oviedo,FL,USA,USA,72,195,,,,R,Carpenter,Ryan,C,S.J,11
650000,96-05-27,Saskatoon,SK,CAN,CAN,74,191,2014,4,101,R,Nogier,Nelson,D,WPG,10
2600000,91-07-27,Laval,QC,CAN,CAN,76,218,2009,1,30,L,Despres,Simon,D,ANA,1
667500,95-12-12,Brooklyn,NY,USA,USA,71,185,2014,6,171,R,Labanc,Kevin,RW,S.J,55
925000,94-04-07,Richmond,BC,CAN,CAN,70,190,,,,R,Stecher,Troy,D,VAN,71
2100000,89-07-05,Meadow Lake,SK,CAN,CAN,76,229,2007,4,109,L,King,Dwight,LW/RW,L.A/MTL,80
7000000,87-12-09,Ann Arbor,MI,USA,USA,75,204,2006,2,45,R,Petry,Jeff,D,MTL,80
667500,94-02-07,Pittsburgh,PA,USA,USA,72,193,2012,6,167,R,Barber,Riley,RW,WSH,3
5000000,87-09-03,Whitby,ON,CAN,CAN,74,221,2005,2,33,L,Neal,James,RW/LW,NSH,70
3900000,87-07-26,Rochester Hills,MI,USA,USA,73,212,2007,4,95,L,Martinez,Alec,D,L.A,82
625000,92-07-25,Brandon,MB,CAN,CAN,72,202,2012,2,58,L,Martinook,Jordan,LW/C,ARI,77
2750000,90-12-01,Ilava,,SVK,SVK,70,185,2009,2,60,L,Tatar,Tomas,LW/C/RW,DET,82
3400000,92-05-19,Chelyabinsk,,RUS,RUS,74,192,2010,1,26,L,Kuznetsov,Evgeny,C/LW,WSH,82
842500,96-04-16,Edmonton,AB,CAN,CAN,73,195,2014,1,30,L,Quenneville,John,C,N.J,12
5500000,80-09-26,San Francisco,CA,USA,USA,75,219,2000,1,18,L,Orpik,Brooks,D,WSH,79
575000,91-12-15,Saint-Narcisse,QC,CAN,CAN,69,172,,,,L,Gourde,Yanni,C,T.B,20
5500000,87-02-25,Muskegon,MI,USA,USA,74,218,2005,2,42,L,Abdelkader,Justin,LW/RW,DET,64
925000,93-02-25,SAUGUS,MA,USA,USA,70,194,,,,R,Vecchione,Mike,C/RW,PHI,2
5750000,88-05-24,Yaroslavl,,RUS,RUS,76,198,2006,2,54,L,Anisimov,Artem,C/LW,CHI,64
715000,93-09-08,Lansing,MI,USA,USA,70,195,2011,4,99,L,Boucher,Reid,C/LW,N.J/NSH/VAN,39
925000,98-03-31,Boca Raton,FL,USA,USA,75,200,2016,1,16,L,Chychrun,Jakob,D,ARI,68
3250000,85-02-19,Port McNeill,BC,CAN,CAN,76,216,2004,3,79,L,Stoner,Clayton,D,ANA,14
925000,96-02-07,Windsor,ON,CAN,CAN,76,216,2014,1,1,R,Ekblad,Aaron,D,FLA,68
825000,91-10-07,Hinsdale,IL,USA,CAN,75,215,2011,6,160,R,Manson,Josh,D,ANA,82
3575000,89-03-17,Vasteras,,SWE,SWE,73,199,2007,1,24,L,Backlund,Mikael,C,CGY,81
600000,92-02-25,Orland Park,IL,USA,USA,68,165,2011,3,66,R,Tynan,T.J.,C/RW,CBJ,3
5850000,86-04-29,Anchorage,AK,USA,USA,74,218,2004,2,60,L,Dubinsky,Brandon,C/LW,CBJ,80
750000,92-03-09,Wheaton,IL,USA,USA,72,187,2011,7,204,L,Dzingel,Ryan,LW/RW/C,OTT,81
5000000,82-10-30,Trenton,MI,USA,USA,71,190,,,,L,Greene,Andy,D,N.J,66
660000,95-09-24,Winnipeg,MB,CAN,CAN,76,213,2014,3,73,R,Lernout,Brett,D,MTL,2
3000000,88-01-05,Drummondville,QC,CAN,CAN,70,188,2006,6,177,L,Perreault,Mathieu,C/LW,WPG,65
2500000,86-12-20,Kindersley,SK,CAN,CAN,72,192,2006,7,189,R,Dorsett,Derek,RW,VAN,14
800000,90-09-12,Burnaby,BC,CAN,CAN,77,202,2008,2,42,L,Wiercioch,Patrick,D,COL,57
925000,96-02-23,Madison,WI,USA,USA,72,177,2014,1,20,R,Schmaltz,Nick,C/LW,CHI,61
13800000,88-11-19,Buffalo,NY,USA,USA,71,177,2007,1,1,L,Kane,Patrick,RW/C,CHI,82
3500000,91-04-01,Toronto,ON,CAN,CAN,72,185,2009,3,69,L,Smith,Reilly,RW/C/LW,FLA,80
7000000,85-01-01,London,ON,CAN,CAN,75,217,2003,1,11,R,Carter,Jeff,C/RW,L.A,82
6000000,84-07-11,Plover,WI,USA,USA,71,190,2003,7,205,R,Pavelski,Joe,C/RW,S.J,81
925000,97-12-11,Scottsdale,AZ,USA,USA,74,202,2016,1,6,L,Tkachuk,Matthew,LW,CGY,76
727500,95-05-15,St. Petersburg,,RUS,RUS,73,224,2013,2,37,R,Zykov,Valentin,LW,CAR,2
2500000,83-02-04,West Seneca,NY,USA,USA,71,195,2003,5,148,R,Stempniak,Lee,RW,CAR,82
1000000,89-11-02,Saskatoon,SK,CAN,CAN,74,229,2008,1,5,R,Schenn,Luke,D,ARI,78
700000,89-07-25,Toronto,ON,CAN,CAN,76,225,2007,6,172,L,Gazdic,Luke,LW,N.J,11
2350000,88-12-01,Villach,,AUT,AUT,72,200,,,,L,Raffl,Michael,LW/C,PHI,52
2750000,90-11-13,New Westminster,BC,CAN,CAN,76,230,,,,L,Dillon,Brenden,D,S.J,81
925000,97-09-17,Scottsdale,AZ,USA,USA,75,216,2016,1,1,L,Matthews,Auston,C,TOR,82
7450000,89-12-08,London,ON,CAN,CAN,73,195,2008,1,2,R,Doughty,Drew,D,L.A,82
5400000,94-10-27,Turku,,FIN,FIN,76,203,2013,1,8,R,Ristolainen,Rasmus,D,BUF,79
750000,95-03-22,Delta,BC,CAN,CAN,69,179,2013,2,43,L,Petan,Nic,LW/C,WPG,54
575000,92-10-14,St. Louis,MO,USA,USA,76,224,2011,2,34,R,Mayfield,Scott,D,NYI,25
925000,96-05-10,Syracuse,NY,USA,USA,76,222,2014,1,18,R,Tuch,Alex,RW,MIN,6
925000,93-07-13,Chicago,IL,USA,USA,74,193,2011,4,98,L,Reilly,Mike,D,MIN,17
3000000,81-04-11,Pincourt,QC,CAN,CAN,73,197,,,,L,Burrows,Alex,LW/RW,OTT/VAN,75
650000,92-07-18,Wisconsin Rapids,WI,USA,USA,73,190,,,,R,Nelson,Casey,D,BUF,11
575000,90-07-03,Vasteras,,SWE,SWE,75,205,,,,L,Rasmussen,Dennis,C,CHI,68
725000,87-03-15,Moorhead,MN,USA,USA,74,190,2005,4,97,L,VandeVelde,Chris,C/LW,PHI,81
3000000,90-05-24,Borlange,,SWE,SWE,76,215,2009,4,102,L,Ekholm,Mattias,D,NSH,82
950000,90-06-04,Prince George,BC,CAN,CAN,73,205,,,,L,Manning,Brandon,D,PHI,65
3000000,86-10-12,Charlottetown,PE,CAN,CAN,76,212,2005,2,55,R,Mcquaid,Adam,D,BOS,77
1250000,90-07-02,Burnsville,MN,USA,USA,70,169,,,,R,Brown,J.T.,RW,T.B,64
575000,88-06-04,Pittsburgh,PA,USA,USA,73,196,2008,7,190,L,Bartkowski,Matt,D,CGY,24
600000,89-11-01,Paris,ON,CAN,CAN,74,199,2008,2,45,R,Dalpe,Zac,C,MIN,9
4000000,72-02-15,Kladno,,CZE,CZE,75,230,1990,1,5,L,Jagr,Jaromir,RW,FLA,82
575000,87-01-01,Taber,AB,CAN,CAN,72,205,2005,1,8,R,Setoguchi,Devin,RW,L.A,45
625000,93-05-21,Canton,MA,USA,USA,74,190,,,,L,Rooney,Kevin,C,N.J,4
735000,92-11-05,Long Beach,CA,USA,USA,71,190,2011,2,47,L,Nieto,Matt,LW/RW,COL/S.J,59
575000,90-08-16,Montrose,BC,CAN,CAN,69,176,,,,L,Jones,Connor,C/LW,NYI,4
640000,90-06-13,B_rum,,NOR,NOR,75,220,,,,L,Martinsen,Andreas,LW/C,COL/MTL,64
800000,92-11-16,Rochester,NY,USA,USA,71,185,2011,2,61,L,Prince,Shane,LW/C,NYI,50
925000,95-04-08,Northbrook,IL,USA,USA,72,193,2013,2,35,R,Compher,J.T.,LW/C,COL,21
4000000,83-04-01,Kalajoki,,FIN,FIN,71,198,2001,6,192,L,Jokinen,Jussi,LW/RW/C,FLA,69
5750000,92-10-27,Pittsburgh,PA,USA,USA,73,206,2011,2,43,L,Saad,Brandon,LW/RW,CBJ,82
892500,91-12-01,Johnston,RI,USA,USA,70,208,,,,R,Acciari,Noel,C,BOS,29
7250000,87-04-24,Montreal,QC,CAN,CAN,72,201,2005,3,62,R,Letang,Kris,D,PIT,41
3500000,80-02-10,Montreal,QC,CAN,CAN,72,179,1998,2,45,L,Ribeiro,Mike,C,NSH,46
575000,90-05-30,Marshfield,MA,USA,USA,69,170,2008,4,95,L,Warsofsky,David,D,PIT,7
10900000,87-08-07,Cole Harbour,NS,CAN,CAN,71,200,2005,1,1,L,Crosby,Sidney,C,PIT,75
667500,97-01-02,Sault Ste. Marie,ON,CAN,CAN,71,185,2015,3,67,R,Speers,Blake,C,N.J,3
832500,95-02-04,Hamilton,ON,CAN,CAN,76,220,2013,1,7,L,Nurse,Darnell,D,EDM,44
8000000,91-12-13,Yaroslavl,,RUS,RUS,72,219,2010,1,16,L,Tarasenko,Vladimir,RW,STL,82
692500,95-08-02,Zilina,,SVK,SVK,74,202,2013,3,90,L,Cehlarik,Peter,LW/RW,BOS,11
3500000,84-10-29,Thunder Bay,ON,CAN,CAN,76,208,2003,1,2,L,Staal,Eric,C,MIN,82
900000,92-04-20,Swan River,MB,CAN,CAN,74,208,2010,5,133,L,Ferland,Micheal,LW/RW,CGY,76
575000,89-01-21,North Andover,MA,USA,USA,70,190,,,,L,Farnham,Bobby,RW,MTL,3
600000,91-05-17,Pickering,ON,CAN,CAN,73,210,2011,3,80,L,Andreoff,Andy,LW/C,L.A,36
705000,94-01-07,Ottawa,ON,CAN,CAN,72,212,2013,7,206,R,Weegar,Mackenzie,D,FLA,3
900000,96-10-31,Stockholm,,SWE,SWE,73,184,2015,2,45,R,Forsbacka Karlsson,Jakob,C,BOS,1
8000000,84-06-16,Brampton,ON,CAN,CAN,76,212,2002,1,1,L,Nash,Rick,RW/LW,NYR,67
4000000,90-06-07,Winnipeg,MB,CAN,CAN,75,210,2008,3,69,R,Stone,Michael,D,ARI/CGY,64
575000,90-05-18,Roseau,MN,USA,USA,70,184,2008,2,40,L,Ness,Aaron,D,WSH,2
1850000,90-07-18,Lycksele,,SWE,SWE,72,180,,,,R,Karlsson,Melker,C/RW,S.J,67
2500000,87-05-07,Edmonton,AB,CAN,CAN,72,190,,,,L,Schlemko,David,D,S.J,62
740000,95-08-04,Ottawa,ON,CAN,CAN,73,206,2013,3,69,R,Baptiste,Nicholas,RW,BUF,14
800000,91-03-17,Omsk,,RUS,RUS,75,200,,,,L,Kalinin,Sergey,C/RW,N.J,43
667500,96-03-13,Calgary,AB,CAN,CAN,70,166,2014,3,79,R,Point,Brayden,C,T.B,68
4000000,86-09-29,Alfred,ON,CAN,CAN,75,204,2005,1,4,L,Pouliot,Benoit,LW,EDM,67
700000,91-07-17,Wakaw,SK,CAN,CAN,72,189,2009,4,96,R,Vey,Linden,RW/C,CGY,4
7000000,90-05-31,Landsbro,,SWE,SWE,72,191,2008,1,15,R,Karlsson,Erik,D,OTT,77
5000000,91-06-03,Jyv_skyl_,,FIN,FIN,70,183,2009,4,106,R,Vatanen,Sami,D,ANA,71
9000000,87-10-02,Madison,WI,USA,USA,72,202,2006,1,5,R,Kessel,Phil,RW/C,PIT,82
925000,95-12-30,Moscow,,RUS,RUS,74,190,2014,1,26,L,Scherbak,Nikita,RW,MTL,3
4000000,93-03-01,Leksand,,SWE,SWE,74,200,2011,2,42,L,Rask,Victor,C,CAR,82
600000,95-04-10,Herning,,DNK,DNK,72,175,2013,3,89,R,Bjorkstrand,Oliver,RW,CBJ,26
725000,85-03-06,Le Blanc-Mesnil,,FRA,FRA,72,198,,,,L,Bellemare,Pierre-Edouard,LW/C,PHI,82
925000,95-04-20,New Haven,CT,USA,USA,73,214,2013,2,33,L,Erne,Adam,LW,T.B,26
792500,94-03-14,East Longmeadow,MA,USA,USA,69,201,,,,L,Vatrano,Frank,C/LW,BOS,44
832500,94-01-09,Vitkov,,CZE,CZE,75,210,2012,1,13,L,Faksa,Radek,C,DAL,80
2950000,87-01-23,Narva,,EST,FIN,71,210,2006,6,180,L,Komarov,Leo,C/LW,TOR,82
4250000,93-06-17,Maykop,,RUS,RUS,71,178,2011,2,58,L,Kucherov,Nikita,RW,T.B,74
875000,94-11-09,Salem,MA,USA,USA,76,203,2013,2,61,L,Sanford,Zach,LW,STL/WSH,39
625000,93-01-04,Wallaceburg,ON,CAN,CAN,69,191,2012,5,131,R,Griffith,Seth,C/RW,FLA/TOR,24
575000,95-02-03,Moscow,,RUS,RUS,68,170,,,,L,Tolchinsky,Sergey,LW,CAR,2
625000,88-09-24,Ann Arbor,MI,USA,USA,71,192,2007,4,93,R,Kampfer,Steven,D,FLA/NYR,11
4000000,86-06-14,Ilderton,ON,CAN,CAN,70,185,,,,R,Read,Matt,RW/LW,PHI,63
2500000,91-10-15,Warroad,MN,USA,USA,75,206,2010,1,30,L,Nelson,Brock,C/LW,NYI,81
675000,89-04-28,Grand Rapids,MI,USA,USA,71,199,,,,R,Glendening,Luke,C/RW/LW,DET,74
900000,92-02-08,Stockholm,,SWE,SWE,75,215,2010,2,41,L,Nemeth,Patrik,D,DAL,40
1050000,91-04-24,Sundsvall,,SWE,SWE,72,184,2009,2,40,L,Lander,Anton,C/LW/RW,EDM,22
1100000,92-01-30,Ottawa,ON,CAN,CAN,70,184,2010,2,45,L,Spooner,Ryan,C/LW,BOS,78
925000,96-08-17,New Westminster,BC,CAN,CAN,73,229,2014,1,6,R,Virtanen,Jake,RW,VAN,10
650000,92-05-01,De Pere,WI,USA,USA,71,188,2011,6,171,L,McCormick,Max,RW/LW/C,OTT,7
3850000,91-05-24,Winnipeg,MB,CAN,CAN,72,190,2009,3,85,L,Eakin,Cody,C,DAL,60
9000000,84-07-28,Minneapolis,MN,USA,USA,71,196,2003,1,17,L,Parise,Zach,LW,MIN,69
925000,97-02-25,Burnsville,MN,USA,USA,73,191,2015,1,23,R,Boeser,Brock,RW,VAN,9
700000,90-12-04,Vaughan,ON,CAN,CAN,70,193,2009,5,147,L,Varone,Phil,C,OTT,7
742500,93-03-26,Helsinki,,FIN,FIN,74,195,,,,L,Hannikainen,Markus,LW,CBJ,10
925000,94-11-30,Eisenstadt,,AUT,SVK,71,212,2013,1,27,L,Dano,Marko,C/LW/RW,WPG,38
4250000,89-09-01,Halmstad,,SWE,SWE,71,184,2008,4,121,L,Nyquist,Gustav,RW/C/LW,DET,76
667500,94-08-08,Prague,,CZE,CZE,71,176,2015,5,137,L,Simon,Dominik,C,PIT,2
8000000,84-05-01,Minneapolis,MN,USA,USA,75,221,2003,2,62,R,Backes,David,RW/C,BOS,74
635000,93-02-26,Toronto,ON,CAN,CAN,74,215,,,,L,Goodrow,Barclay,RW/C,S.J,3
3650000,89-10-06,Edmonton,AB,CAN,CAN,69,175,2008,1,26,L,Ennis,Tyler,LW/C/RW,BUF,51
3750000,92-12-07,Phoenix,AZ,USA,CAN,75,211,2011,1,8,L,Couturier,Sean,C,PHI,66
6075000,82-02-14,Trencin,,SVK,SVK,73,205,2000,1,3,L,Gaborik,Marian,RW,L.A,56
950000,90-02-23,Edmonton,AB,CAN,CAN,74,205,2009,3,83,L,Connauton,Kevin,D,ARI,24
925000,96-09-13,Kramfors,,SWE,SWE,74,202,2014,1,29,L,Kempe,Adrian,LW/C,L.A,25
2750000,82-04-03,Edmonton,AB,CAN,CAN,74,214,2000,6,194,R,Engelland,Deryk,D,CGY,81
5000000,81-03-05,Minneapolis,MN,USA,USA,73,200,2000,2,62,L,Martin,Paul,D,S.J,81
5000000,87-11-12,Edmonton,AB,CAN,CAN,72,191,2006,1,12,R,Little,Bryan,C/RW,WPG,59
11000000,89-05-13,Toronto,ON,CAN,CAN,72,210,2007,2,43,R,Subban,P.K.,D,NSH,66
600000,93-04-27,Brampton,ON,CAN,CAN,77,212,2011,7,191,L,Graovac,Tyler,C,MIN,52
6000000,88-03-21,Bloomington,MN,USA,USA,76,225,2006,1,1,R,Johnson,Erik,D,COL,46
950000,91-02-22,Prague,,CZE,CZE,75,200,2009,3,75,L,Nestrasil,Andrej,C/RW/LW,CAR,19
775000,92-06-16,Long Beach,CA,USA,USA,73,212,2010,1,29,L,Etem,Emerson,LW/RW,ANA,3
1700000,92-10-05,Bern,,CHE,CHE,71,192,2011,1,13,L,Baertschi,Sven,LW,VAN,68
1025000,84-02-17,Dover,NJ,USA,USA,74,183,2003,6,186,L,Miller,Drew,LW/RW,DET,55
925000,95-12-05,Orangeville,ON,CAN,CAN,74,232,2014,1,10,L,Ritchie,Nick,LW,ANA,77
5400000,83-03-12,Turku,,FIN,FIN,75,215,2001,1,6,L,Koivu,Mikko,C,MIN,80
7875000,84-08-31,Livonia,MI,USA,USA,74,202,2003,1,23,R,Kesler,Ryan,C/RW,ANA,82
842500,92-12-12,Detroit,MI,USA,USA,69,160,,,,R,Czarnik,Austin,C,BOS,49
2000000,84-01-04,Olomouc,,CZE,CZE,70,190,2002,2,58,L,Hudler,Jiri,RW/LW,DAL,32
2570000,91-07-23,Novokuznetsk,,RUS,RUS,71,212,2009,2,55,L,Orlov,Dmitry,D,WSH,82
575000,87-01-07,Owen sound,ON,CAN,CAN,72,205,2005,4,95,R,Bass,Cody,C,NSH,9
1300000,94-05-16,Khabarovsk,,RUS,RUS,75,209,2012,1,12,L,Grigorenko,Mikhail,C,COL,75
4000000,89-08-14,New Westminster,BC,CAN,CAN,73,190,2007,1,3,R,Turris,Kyle,C,OTT,78
925000,97-07-19,Grosse Pointe,MI,USA,USA,74,218,2015,1,8,L,Werenski,Zach,D,CBJ,78
600000,93-02-22,Langley,BC,CAN,CAN,74,214,2011,1,18,R,McNeill,Mark,C/RW,DAL,1
10000000,89-08-15,Kladno,,CZE,CZE,74,214,2007,1,7,L,Voracek,Jakub,RW,PHI,82
925000,97-01-02,Orebro,,SWE,SWE,76,191,2015,1,29,L,Carlsson,Gabriel,D,CBJ,2
3000000,83-12-19,Mississauga,ON,CAN,CAN,73,195,2002,2,57,L,Stajan,Matt,C,CGY,81
832500,94-10-13,Calgary,AB,CAN,CAN,70,181,2013,1,24,L,Shinkaruk,Hunter,C/LW,CGY,7
925000,94-01-21,TRENTON,MI,USA,USA,71,171,,,,L,Molino,Griffen,C,VAN,5
900000,89-05-09,Consort,AB,CAN,CAN,73,200,2007,1,21,R,Nash,Riley,C/RW,BOS,81
750000,91-07-24,Middletown,NJ,USA,USA,74,188,,,,R,van Riemsdyk,Trevor,D,CHI,58
832500,95-02-09,Klagenfurt,,AUT,SWE,75,205,2013,1,23,L,Burakovsky,Andre,LW/C,WSH,64
925000,94-09-19,Eau Claire,WI,USA,USA,72,200,,,,L,Kapla,Michael,D,N.J,5
1250000,84-06-26,Binscarth,MB,CAN,CAN,74,210,,,,L,McLeod,Cody,LW/RW,COL/NSH,59
625000,93-03-12,Burnaby,BC,CAN,CAN,74,207,2011,2,57,L,Wotherspoon,Tyler,D,CGY,4
900000,80-11-11,Toronto,ON,CAN,CAN,72,190,1999,3,94,L,Kelly,Chris,C/LW,OTT,82
5000000,89-06-13,St. Paul,MN,USA,USA,73,216,2007,1,12,L,McDonagh,Ryan,D,NYR,77
4500000,91-02-01,Smithtown,NY,USA,USA,70,185,2009,1,26,R,Palmieri,Kyle,RW/C/LW,N.J,80
2900000,91-05-09,Carp,ON,CAN,CAN,73,197,2009,1,12,L,de Haan,Calvin,D,NYI,82
575000,88-11-30,Methuen,MA,USA,USA,73,200,,,,R,Thompson,Paul,RW,FLA,21
640000,93-01-07,Orangeville,ON,CAN,CAN,73,184,,,,R,Mitchell,Zack,RW,MIN,11
5000000,77-03-18,Trencin,,SVK,SVK,81,250,1996,3,56,L,Chara,Zdeno,D,BOS,75
5000000,82-04-18,Regina,SK,CAN,CAN,74,215,2000,1,6,L,Hartnell,Scott,LW,CBJ,78
575000,87-11-21,Camrose,AB,CAN,CAN,71,180,,,,L,Stollery,Karl,D,N.J,11
3100000,87-06-14,Toronto,ON,CAN,CAN,70,184,2005,1,25,L,Cogliano,Andrew,LW/C/RW,ANA,82
8000000,88-06-07,Vancouver,BC,CAN,CAN,75,236,2006,2,50,L,Lucic,Milan,LW,EDM,82
6000000,89-03-28,Guelph,ON,CAN,CAN,73,200,2007,1,9,L,Couture,Logan,C/LW,S.J,73
925000,97-07-26,Rauma,,FIN,FIN,71,172,2015,2,35,L,Aho,Sebastian,RW/LW,CAR,82
3500000,92-09-08,Chur,,CHE,CHE,74,211,2010,1,5,L,Niederreiter,Nino,RW,MIN,82
575000,92-05-31,Shawinigan,QC,CAN,CAN,71,198,2010,3,71,L,Bournival,Michael,LW,T.B,19
6000000,91-08-02,Vancouver,BC,CAN,CAN,74,211,2009,1,4,L,Kane,Evander,LW,BUF,70
3000000,94-01-20,Helsingborg,,SWE,SWE,75,205,2012,1,6,L,Lindholm,Hampus,D,ANA,66
725000,93-03-28,Chelyabinsk,,RUS,RUS,71,191,2011,5,148,L,Nesterov,Nikita,D,MTL/T.B,48
667500,95-02-24,Sudbury,ON,CAN,CAN,72,198,2013,2,58,L,Bertuzzi,Tyler,LW,DET,7
4250000,89-11-29,Edmonton,AB,CAN,CAN,69,164,2008,6,156,R,Spurgeon,Jared,D,MIN,76
600000,93-02-25,Cesk_ Budejovice,,CZE,CZE,72,203,2011,6,158,L,Sedlak,Lukas,C/LW,CBJ,62
925000,94-06-20,Pickering,ON,CAN,CAN,70,185,,,,L,Caggiula,Drake,LW/C,EDM,60
800000,82-08-19,Summerside,PE,CAN,CAN,72,193,2000,1,25,L,Ott,Steve,C/LW,DET/MTL,53
10000000,85-09-17,Moscow,,RUS,RUS,75,239,2004,1,1,R,Ovechkin,Alex,LW/RW,WSH,82
700000,86-09-30,Toronto,ON,CAN,CAN,72,193,2005,5,150,L,O'Reilly,Cal,C,BUF,11
5000000,87-01-21,St. Andrews,MB,CAN,CAN,72,196,2005,5,132,L,Helm,Darren,C,DET,50
840000,93-07-20,Belleville,ON,CAN,CAN,70,188,2011,3,68,L,Cousins,Nick,C/LW,PHI,60
600000,88-08-24,Maple Ridge,BC,CAN,CAN,69,187,,,,L,Hunt,Brad,D,NSH/STL,12
925000,93-04-20,Pembroke Pines,FL,USA,USA,71,180,2012,3,78,L,Gostisbehere,Shayne,D,PHI,76
660000,92-10-05,Glace Bay,NS,CAN,CAN,75,202,2011,3,76,R,Shaw,Logan,C/RW,ANA,55
2075000,91-12-07,St. Catharines,ON,CAN,CAN,75,226,2010,1,21,L,Sheahan,Riley,C,DET,80
7000000,85-12-27,Quebec City,QC,CAN,USA,72,202,2005,2,44,L,Stastny,Paul,C,STL,66
5800000,86-08-31,Plymouth,MN,USA,USA,77,225,2004,1,5,R,Wheeler,Blake,RW,WPG,82
1150000,94-01-05,Riga,,LVA,LVA,74,200,2012,1,14,L,Girgensons,Zemgus,C/LW,BUF,75
925000,96-07-30,Waterford,MI,USA,USA,73,190,2014,1,15,L,Larkin,Dylan,C/LW,DET,80
925000,92-09-06,Grand Forks,ND,USA,USA,74,201,2012,6,181,R,Ladue,Paul,D,L.A,22
5500000,81-01-12,Stockholm,,SWE,SWE,72,194,2000,1,29,L,Kronwall,Niklas,D,DET,57
2800000,93-11-12,Praha,,CZE,CZE,74,215,2012,1,17,L,Hertl,Tomas,C/RW,S.J,49
4350000,85-10-30,Milwaukee,WI,USA,USA,74,214,2004,1,13,R,Stafford,Drew,RW/LW,BOS/WPG,58
925000,95-08-05,Anaheim,CA,USA,USA,75,217,2013,2,31,L,McCoshen,Ian,D,FLA,3
3275000,80-12-02,North York,ON,CAN,CAN,73,225,,,,R,Ward,Joel,RW/C,S.J,78
1200000,87-10-30,Toronto,ON,CAN,CAN,74,239,2006,1,18,R,Stewart,Chris,RW/LW,MIN,79
1300000,81-06-11,Sudbury,ON,CAN,CAN,71,181,1999,5,128,L,MacKenzie,Derek,C/LW,FLA,82
1300000,92-01-02,Moscow,,RUS,RUS,75,210,2011,7,205,R,Marchenko,Alexey,D,DET/TOR,41
650000,81-12-10,Lac La Biche,AB,CAN,CAN,74,217,,,,L,Bourque,Rene,RW/LW,COL,65
5000000,93-03-15,Kitchener,ON,CAN,CAN,75,207,2011,1,7,R,Scheifele,Mark,C,WPG,79
692500,91-11-28,Plano,TX,USA,USA,71,200,2011,3,75,L,Coleman,Blake,C/LW,N.J,23
832500,95-03-21,Winterthur,,CHE,CHE,75,210,2013,1,18,L,Mueller,Mirco,D,S.J,4
775000,87-04-27,Thunder Bay,ON,CAN,USA,72,191,2005,2,36,L,Chorney,Taylor,D,WSH,18
4250000,90-12-18,Ornskoldsvik,,SWE,SWE,78,223,2009,1,2,L,Hedman,Victor,D,T.B,79
925000,95-03-07,Bronxville,NY,USA,USA,74,207,2013,2,42,R,Santini,Steven,D,N.J,38
925000,94-01-11,Lewisville,TX,USA,USA,74,191,2012,2,36,L,Kerdiles,Nicolas,LW,ANA,1
1000000,83-11-29,Regina,SK,CAN,CAN,73,213,2003,9,265,L,Glass,Tanner,LW,NYR,11
692500,94-06-01,Pickering,ON,CAN,CAN,74,205,,,,L,Renouf,Dan,D,DET,1
900000,92-10-29,Sault Ste. Marie,ON,CAN,CAN,73,196,2012,5,151,R,Miller,Colin,D,BOS,61
575000,93-05-26,Innisfil,ON,CAN,CAN,74,205,2011,3,86,R,Leivo,Josh,LW,TOR,13
667500,94-10-06,Omaha,NE,USA,USA,71,180,2013,3,77,L,Guentzel,Jake,C/LW,PIT,40
4000000,90-03-07,Detroit,MI,USA,USA,75,192,,,,L,DeKeyser,Danny,D,DET,82
650000,93-02-05,Calgary,AB,CAN,CAN,72,195,2011,2,32,R,Rattie,Ty,RW,CAR/STL,9
1200000,92-03-03,Edmonton,AB,CAN,CAN,76,206,2010,2,36,R,Petrovic,Alex,D,FLA,49
667500,92-03-06,Kingsford,MI,USA,USA,76,212,2010,5,148,L,Gravel,Kevin,D,L.A,49
667500,97-07-29,Edmonton,AB,CAN,CAN,73,186,2015,2,51,L,Guhle,Brendan,D,BUF,3
6000000,83-07-16,Winnipeg,MB,CAN,CAN,73,192,2002,2,54,L,Keith,Duncan,D,CHI,80
925000,96-07-22,St. Gallen,,CHE,CHE,70,193,2014,1,11,L,Fiala,Kevin,LW,NSH,54
600000,86-12-29,Spokane,WA,USA,USA,71,170,,,,R,Ryan,Derek,C,CAR,67
800000,87-02-14,Thunder Bay,ON,CAN,CAN,71,185,2005,4,107,L,Pyatt,Tom,LW/C,OTT,82
4500000,92-05-06,Edmonton,AB,CAN,CAN,69,182,2010,5,147,R,Gallagher,Brendan,RW,MTL,64
925000,95-03-10,St. Clair,MI,USA,USA,69,188,2013,4,121,L,Motte,Tyler,LW/C,CHI,33
900000,98-07-29,Chesterfield,MO,USA,USA,70,168,2016,1,7,L,Keller,Clayton,C/LW,ARI,3
675000,90-04-23,Minneapolis,MN,USA,USA,74,205,,,,R,Tennyson,Matt,D,CAR,45
6000000,92-05-16,Toronto,ON,CAN,CAN,71,200,2010,1,7,L,Skinner,Jeff,LW/C/RW,CAR,79
600000,87-02-13,Coquitlam,BC,CAN,CAN,71,199,,,,L,Street,Ben,C,DET,6
1000000,86-07-28,Turku,,FIN,FIN,73,193,2004,1,19,L,Korpikoski,Lauri,LW/RW,CBJ/DAL,69
4000000,77-12-11,Bern,,CHE,CHE,71,191,2004,9,262,L,Streit,Mark,D,PHI/PIT,68
792500,94-01-30,Berlin,,DEU,USA,69,180,2012,5,138,R,O'Regan,Daniel,C/LW,S.J,3
1700000,91-09-25,G_vle,,SWE,SWE,71,186,2010,2,51,R,Jarnkrok,Calle,C,NSH,81
600000,88-01-04,Waltham,MA,USA,USA,73,206,2006,3,65,L,Strait,Brian,D,WPG,5
4000000,91-12-05,Windsor,ON,CAN,USA,73,207,2010,1,12,L,Fowler,Cam,D,ANA,80
3667000,88-08-23,Sodertalje,,SWE,SWE,71,186,2007,6,168,L,Hagelin,Carl,LW,PIT,61
832500,95-03-28,Ste-Agathe,QC,CAN,CAN,71,188,2013,1,3,L,Drouin,Jonathan,LW,T.B,73
3000000,93-07-20,Karlstad,,SWE,SWE,75,220,2011,1,19,L,Klefbom,Oscar,D,EDM,82
5400000,94-10-03,Arlington,TX,USA,USA,76,220,2013,1,4,R,Jones,Seth,D,CBJ,75
5000000,91-04-30,Boxford,MA,USA,USA,75,228,2009,1,19,L,Kreider,Chris,LW/C,NYR,75
1650000,91-05-08,Vanier,ON,CAN,CAN,76,215,2009,2,54,L,Gelinas,Eric,D,COL,27
792500,94-11-15,Tarrytown,NY,USA,USA,75,200,2013,3,66,R,Pesce,Brett,D,CAR,82
925000,95-04-30,Buffalo,NY,USA,USA,72,190,2013,6,159,L,Malone,Sean,C,BUF,1
3500000,86-09-14,Laurier-Station,QC,CAN,CAN,67,176,,,,L,Desharnais,David,C,EDM/MTL,49
4000000,89-10-20,Greenwich,CT,USA,USA,73,221,2008,1,7,L,Wilson,Colin,LW/C,NSH,70
2600000,92-05-08,Dorchester,MA,USA,USA,77,215,2010,1,24,L,Hayes,Kevin,C/RW,NYR,76
3500000,87-02-20,Pisek,,CZE,CZE,78,226,2005,1,17,L,Hanzal,Martin,C,ARI/MIN,71
925000,95-10-24,Sewell,NJ,USA,USA,71,183,2014,1,19,R,Deangelo,Anthony,D,ARI,39
575000,93-04-06,Markham,ON,CAN,CAN,72,192,2012,3,71,L,Richard,Tanner,C,T.B,3
620000,92-05-11,Pontiac,MI,USA,USA,71,192,2010,3,80,R,Rust,Bryan,RW,PIT,57
2500000,87-11-15,Los Angeles,CA,USA,USA,74,210,,,,R,Miller,Kevan,D,BOS,58
3800000,89-11-24,Kitchener,ON,CAN,CAN,72,180,2009,5,130,L,Hoffman,Mike,LW/C,OTT,74
792500,89-07-27,Ivry-sur-Seine,,FRA,FRA,71,191,,,,L,Auvitu,Yohann,D/LW,N.J,25
575000,89-02-20,Toronto,ON,CAN,CAN,71,174,2007,6,164,R,Didomenico,Chris,C/RW,OTT,3
575000,93-11-05,North Vancouver,BC,CAN,CAN,73,200,2012,2,50,R,Sissons,Colton,C,NSH,58
742500,95-12-14,Moscow,,RUS,RUS,72,180,2014,2,33,L,Barbashev,Ivan,C,STL,30
5750000,89-07-18,Victoria,BC,CAN,CAN,74,210,2007,5,129,L,Benn,Jamie,LW,DAL,77
800000,81-05-12,North Vancouver,BC,CAN,CAN,72,200,,,,L,Kearns,Bracken,C,NYI,2
675000,93-02-20,Milford,MI,USA,USA,71,200,2011,5,129,L,Pietila,Blake,LW/C,N.J,10
4050000,90-07-04,Minnetonka,MN,USA,USA,74,200,2008,1,17,L,Gardiner,Jake,D,TOR,82
742500,93-10-14,Nizhny Tagil,,RUS,RUS,71,190,,,,L,Soshnikov,Nikita,RW,TOR,56
575000,94-05-22,Hamilton,ON,CAN,CAN,74,203,,,,L,McEneny,Evan,D,VAN,1
2600000,88-04-12,Evanston,IL,USA,USA,72,200,2008,6,177,R,Wingels,Tommy,C/RW/LW,OTT/S.J,73
800000,92-12-09,Edmonton,AB,CAN,CAN,72,199,2011,1,23,L,Morrow,Joe,D,BOS,17
832500,94-02-18,Winchester,ON,CAN,CAN,74,193,2012,1,10,L,Koekkoek,Slater,D,T.B,29
925000,98-05-07,Alvkarleby,,SWE,FIN,76,203,2016,1,4,R,Puljujarvi,Jesse,RW,EDM,28
4400000,87-12-23,Helsinki,,FIN,FIN,74,212,2008,3,65,L,Lehtera,Jori,C,STL,64
2400000,93-03-26,Dublin,OH,USA,USA,76,212,2011,1,20,R,Murphy,Connor,D,ARI,77
5000000,83-11-01,North York,ON,CAN,CAN,73,200,2003,9,263,L,Moulson,Matt,LW,BUF,81
2500000,91-01-03,Hamilton,ON,CAN,CAN,70,180,2009,1,11,R,Ellis,Ryan,D,NSH,71
600000,89-04-07,Brampton,ON,CAN,CAN,70,195,2007,5,132,L,Terry,Chris,LW/RW,MTL,14
600000,90-07-14,Burlington,ON,CAN,CAN,73,197,,,,R,Jooris,Josh,RW/C,ARI/NYR,54
1250000,80-05-09,Edmonton,AB,CAN,CAN,71,205,,,,L,Fiddler,Vernon,C/LW,N.J/NSH,59
925000,95-07-04,Georgetown,ON,CAN,CAN,74,205,2013,1,29,L,Dickinson,Jason,C,DAL,10
1750000,82-07-20,St. Agapit,QC,CAN,CAN,73,198,2000,2,55,L,Vermette,Antoine,C/LW,ANA,72
575000,88-07-26,Traverse City,MI,USA,USA,74,208,2008,7,184,R,Redmond,Zach,D,MTL,16
2000000,85-08-12,Edmonton,AB,CAN,CAN,72,195,,,,L,Garbutt,Ryan,C/LW,ANA,27
650000,92-04-18,Ellwood City,PA,USA,USA,76,230,2010,2,60,R,Johns,Stephen,D,DAL,61
3500000,89-05-08,Windsor,ON,CAN,CAN,75,220,2008,5,148,L,Martin,Matt,LW/RW,TOR,82
2000000,87-01-08,Salt Lake City,UT,USA,USA,73,201,2006,1,17,R,Lewis,Trevor,C/RW/LW,L.A,82
1200000,85-05-21,Warren,MI,USA,USA,71,200,2004,7,224,L,Hunwick,Matt,D,TOR,72
3550000,79-09-26,Regina,SK,CAN,CAN,72,195,,,,L,Kunitz,Chris,LW,PIT,71
832500,94-05-30,Oakville,ON,CAN,CAN,73,190,2012,1,20,L,Laughton,Scott,C/LW,PHI,2
767500,95-07-05,Langley,BC,CAN,CAN,73,185,2014,4,116,L,Heinen,Danton,C,BOS,8
875000,93-07-01,Orangeville,ON,CAN,CAN,75,215,2011,2,44,R,Ritchie,Brett,RW,DAL,78
6000000,92-07-31,Vancouver,BC,CAN,CAN,75,218,2010,1,4,R,Johansen,Ryan,C/RW,NSH,82
6750000,79-07-02,London,ON,CAN,CAN,76,220,1997,1,1,L,Thornton,Joe,C,S.J,79
792500,96-02-02,Palos,IL,USA,USA,72,187,2014,2,58,L,Dvorak,Christian,C/LW,ARI,78
2700000,83-10-09,Toronto,ON,CAN,CAN,71,195,2002,2,43,L,Daley,Trevor,D,PIT,56
575000,92-01-13,Ann Arbor,MI,USA,USA,76,204,2010,1,18,R,Watson,Austin,LW,NSH,77
4750000,86-09-07,Judique,NS,CAN,CAN,73,204,2006,6,160,L,MacDonald,Andrew,D,PHI,73
575000,90-07-15,Island Park,NY,USA,USA,73,210,2010,6,168,L,Bitetto,Anthony,D,NSH,29
575000,86-03-12,Detroit,MI,USA,USA,71,191,2004,4,119,L,Porter,Kevin,C,PIT,2
832500,95-04-26,St-Lin,QC,CAN,CAN,77,235,2013,1,21,L,Gauthier,Frederik,C,TOR,21
6000000,92-01-31,Brampton,ON,CAN,CAN,73,200,2010,1,2,R,Seguin,Tyler,C/RW,DAL,82
2825000,93-09-27,Regina,SK,CAN,CAN,73,211,2012,1,2,L,Murray,Ryan,D,CBJ,60
3600000,90-01-30,Ozieri,,ITA,CHE,74,209,2008,1,19,L,Sbisa,Luca,D,VAN,82
600000,91-06-08,Keswick,ON,CAN,CAN,72,193,,,,L,Hanley,Joel,D,MTL,7
600000,78-09-03,Vlasim,,CZE,CZE,73,210,1996,4,105,R,Rozsival,Michal,D,CHI,22
7000000,84-01-19,Edmonton,AB,CAN,CAN,74,227,2002,2,61,R,Boychuk,Johnny,D,NYI,66
874125,93-04-04,Hamilton,ON,CAN,CAN,75,205,,,,L,Gaudet,Tyler,C,ARI,4
1000000,89-06-23,"Garden River, First Nations",ON,CAN,CAN,75,219,2009,7,186,L,Nolan,Jordan,C/LW/RW,L.A,46
925000,96-10-28,North Chelmsford,MA,USA,USA,74,196,2015,1,2,R,Eichel,Jack,C,BUF,61
1100000,89-07-12,Ottawa,ON,CAN,CAN,73,216,2008,5,139,L,Borowiecki,Mark,D,OTT,70
925000,97-03-07,Mississauga,ON,CAN,CAN,75,185,2015,1,3,L,Strome,Dylan,C,ARI,7
600000,85-07-15,Prince Albert,SK,CAN,CAN,75,220,2004,9,279,R,Cracknell,Adam,RW/C,DAL,69
4000000,89-02-21,Woodstock,ON,CAN,CAN,75,216,2007,5,141,L,Muzzin,Jake,D,L.A,82
1800000,85-03-06,Toronto,ON,CAN,CAN,74,206,2004,9,265,L,Winnik,Daniel,LW/C,WSH,72
650000,93-10-05,Pelhrimov,,CZE,CZE,73,194,2012,2,49,R,Frk,Martin,RW,CAR,2
4100000,87-06-06,Eksjo,,SWE,SWE,75,197,2005,4,108,L,Hjalmarsson,Niklas,D,CHI,73
742500,94-01-23,Syracuse,NY,USA,USA,75,219,2012,2,59,L,Nieves,Cristoval,C/LW,NYR,1
1500000,91-01-24,Windsor,ON,CAN,CAN,75,207,2009,1,13,R,Kassian,Zack,RW,EDM,79
4250000,78-12-20,Voskresensk,,RUS,RUS,72,200,1998,6,162,L,Markov,Andrei,D,MTL,62
832500,95-04-05,London,ON,CAN,CAN,72,223,2013,1,9,L,Horvat,Bo,C,VAN,81
575000,88-09-24,Boston,MA,USA,USA,73,198,2007,5,135,L,Carey,Paul,C,WSH,6
600000,90-08-26,Williamsville,NY,USA,USA,73,200,,,,L,Schneider,Cole,LW/RW,BUF,4
925000,92-12-10,Plantation,FL,USA,USA,78,225,2012,7,210,L,Megna,Jaycob,D,ANA,1
725000,96-12-14,Joliette,QC,CAN,CAN,75,204,2015,2,39,L,Greer,A.J.,LW,COL,5
4000000,83-08-13,Pardubice,,CZE,CZE,72,185,2001,1,13,R,Hemsky,Ales,RW,DAL,15
650000,89-02-01,Valencia,CA,USA,USA,71,193,,,,R,Harper,Shane,RW,FLA,14
645000,93-09-23,Helsinki,,FIN,FIN,75,198,2012,6,176,L,Lindbohm,Petteri,D,STL,7
800000,92-04-20,Winnipeg,MB,CAN,CAN,77,236,2010,1,10,R,McIlrath,Dylan,D,FLA/NYR,6
4500000,95-09-02,Tampere,,FIN,FIN,75,213,2013,1,2,L,Barkov,Aleksander,C,FLA,61
4500000,86-03-19,Regina,SK,CAN,CAN,73,195,,,,R,Bozak,Tyler,C,TOR,78
2500000,84-02-20,Concord,NH,USA,USA,73,206,,,,R,Lovejoy,Ben,D,N.J,82
2250000,89-02-08,Calgary,AB,CAN,CAN,72,189,2007,1,4,L,Hickey,Thomas,D,NYI,76
575000,90-03-19,Sudbury,ON,CAN,CAN,73,210,2008,2,50,L,Gaunce,Cameron,D,PIT,12
2500000,83-05-13,Grand Ledge,MI,USA,USA,75,236,2002,2,44,R,Greene,Matt,D,L.A,26
817500,97-04-15,Chicago,IL,USA,USA,74,214,2015,2,32,R,Fischer,Christian,RW,ARI,7
575000,88-09-23,Morges,,CHE,CHE,71,200,2007,3,73,R,Weber,Yannick,D,NSH,73
575000,89-05-10,Grand Prairie,AB,CAN,CAN,74,200,,,,R,Rowney,Carter,RW/C,PIT,27
2500000,81-03-24,Bolton,CT,USA,USA,75,210,2000,1,13,L,Hainsey,Ron,D,CAR/PIT,72
800000,90-03-23,Montreal,QC,CAN,CAN,73,207,2008,6,152,L,Barberio,Mark,D,COL/MTL,60
925000,94-04-11,Brantford,ON,CAN,CAN,72,192,2014,2,55,R,Montour,Brandon,D,ANA,27
3900000,84-08-14,Kelowna,BC,CAN,CAN,73,204,,,,L,Gorges,Josh,D,BUF,66
575000,85-02-08,Ottawa,ON,CAN,CAN,73,195,,,,L,Smith,Trevor,C/RW,NSH,1
7500000,85-04-10,Edmonton,AB,CAN,CAN,75,219,2003,1,9,L,Phaneuf,Dion,D,OTT,81
575000,87-09-01,Toronto,ON,CAN,CAN,71,180,,,,L,Zolnierczyk,Harry,LW,NSH,24
4000000,79-01-12,Starˆ Lubovna,,SVK,SVK,73,207,1997,1,12,L,Hossa,Marian,RW,CHI,73
5600000,83-09-27,Edmonton,AB,CAN,CAN,76,221,2002,1,3,L,Bouwmeester,Jay,D,STL,81
925000,98-06-25,Nizhnekamsk,,RUS,RUS,75,215,2016,1,9,L,Sergachev,Mikhail,D,MTL,4
3200000,82-12-23,Jindrichuv Hradec,,CZE,CZE,74,210,,,,R,Michalek,Zbynek,D,ARI,3
650000,86-05-07,Elk River,MN,USA,USA,74,201,,,,R,Prosser,Nate,D,MIN,39
2100000,88-04-20,Hartford,CT,USA,USA,73,196,2007,6,173,L,Bonino,Nick,C,PIT,80
4500000,90-10-29,Lipetsk,,RUS,RUS,73,204,2009,1,14,L,Kulikov,Dmitry,D,BUF,47
3250000,81-10-04,Cobourg,ON,CAN,CAN,73,188,2000,1,28,R,Williams,Justin,RW,WSH,80
1100000,83-03-02,Kingston,ON,CAN,CAN,73,205,2001,2,57,L,McClement,Jay,C,CAR,65
575000,89-12-14,Burlington,ON,CAN,CAN,68,180,,,,L,Conacher,Cory,C/LW,T.B,11
2750000,88-08-05,Winnipeg,MB,CAN,CAN,74,206,2008,4,111,R,Weise,Dale,RW,PHI,64
775000,91-02-22,LaSalle,QC,CAN,CAN,73,216,2009,3,84,L,Deslauriers,Nicolas,LW,BUF,42
715000,94-07-18,Markham,ON,CAN,CAN,72,200,2012,6,162,L,Blandisi,Joseph,LW/C,N.J,27
875000,93-05-31,Pori,,FIN,FIN,75,205,2011,1,16,R,Armia,Joel,RW,WPG,57
2200000,89-12-24,Brandon,MB,CAN,CAN,71,188,2008,5,127,L,Calvert,Matt,LW,CBJ,65
1000000,92-12-05,Strathroy,ON,CAN,CAN,74,205,2011,1,17,L,Beaulieu,Nathan,D,MTL,74
1300000,91-01-14,Toronto,ON,CAN,CAN,74,200,2009,1,15,L,Holland,Peter,C,ARI/TOR,48
1100000,87-07-26,Victoria,BC,CAN,CAN,74,200,,,,L,Benn,Jordie,D,DAL/MTL,71
4875000,90-08-16,St. Malo,MB,CAN,CAN,74,205,2008,2,53,R,Hamonic,Travis,D,NYI,49
925000,95-07-28,Milwaukee,WI,USA,USA,74,209,2013,4,118,R,Fasching,Hudson,RW,BUF,10
3200000,92-02-26,Oulu,,FIN,FIN,70,184,2010,1,9,L,Granlund,Mikael,C,MIN,81
925000,93-04-20,Brockville,ON,CAN,CAN,74,207,2012,5,147,L,Hutton,Ben,D,VAN,71
2600000,84-01-19,Vienna,,AUT,AUT,74,214,2003,1,5,R,Vanek,Thomas,LW/RW,DET/FLA,68
2300000,89-02-21,Ann Arbor,MI,USA,USA,73,219,2007,1,18,L,Cole,Ian,D,PIT,81
900000,80-08-03,Thornhill,ON,CAN,CAN,72,192,2000,3,95,L,Moore,Dominic,C/LW,BOS,82
925000,91-10-29,Moscow,,RUS,RUS,74,195,,,,R,Zaitsev,Nikita,D,TOR,82
1250000,85-08-12,Kitchener,ON,CAN,CAN,74,216,2003,4,132,L,Quincey,Kyle,D,CBJ/N.J,73
675000,88-07-11,Winston-Salem,NC,USA,USA,71,198,2008,6,169,R,Smith,Ben,RW/C,COL/TOR,40
635000,93-01-16,Brampton,ON,CAN,CAN,75,205,2012,4,96,L,Thomson,Ben,LW,N.J,3
632500,92-08-18,New Hartford,NY,USA,USA,74,205,,,,L,Zalewski,Michael,LW/C,VAN,1
575000,92-03-25,Zagreb,,HRV,HRV,74,200,,,,R,Rendulic,Borna,RW/C,VAN,1
575000,86-02-04,Chesterfield,MI,USA,USA,72,190,,,,R,Oleksy,Steve,D,PIT,11
792500,94-06-06,Oulu,,FIN,FIN,73,186,2015,7,189,L,Nutivaara,Markus,D,CBJ,66
4300000,88-08-26,Scarborough,ON,CAN,CAN,74,185,2007,2,61,R,Simmonds,Wayne,RW/LW,PHI,82
2000000,80-11-25,Indianapolis,IN,USA,USA,70,185,2000,5,159,L,Liles,John-Michael,D,BOS,36
832500,94-01-16,Estevan,SK,CAN,CAN,72,208,2012,1,8,L,Pouliot,Derrick,D,PIT,11
4000000,81-06-16,Grimsby,ON,CAN,CAN,73,200,2001,5,151,R,Bieksa,Kevin,D,ANA,81
8750000,85-07-24,Ancienne-Lorette,QC,CAN,CAN,73,195,2003,2,45,R,Bergeron,Patrice,C,BOS,79
5500000,88-06-09,Dorval,QC,CAN,CAN,73,200,2008,7,186,R,Demers,Jason,D,FLA,81
1125000,87-01-20,Winnipeg,MB,CAN,CAN,73,225,2005,5,156,R,Reaves,Ryan,RW,STL,80
1050000,89-03-18,Thunder Bay,ON,CAN,CAN,76,221,2007,3,78,R,Bortuzzo,Robert,D,STL,38
700000,92-11-24,Stockholm,,SWE,SWE,73,200,2011,5,126,L,Claesson,Fredrik,D,OTT,33
5250000,90-07-15,Massena,NY,USA,USA,75,228,2008,1,3,R,Bogosian,Zach,D,BUF,56
5000000,95-09-01,Halifax,NS,CAN,CAN,72,205,2013,1,1,R,MacKinnon,Nathan,C/RW,COL,82
625000,91-05-27,Walpole,MA,USA,USA,72,195,2010,5,122,R,Wagner,Chris,C/RW,ANA,43
4500000,80-06-04,Sorel,QC,CAN,CAN,73,208,1998,3,75,L,Beauchemin,Francois,D,COL,81
950000,88-04-14,Saskatoon,SK,CAN,CAN,76,225,2006,3,68,R,Gryba,Eric,D,EDM,40
1100000,92-11-11,Ottawa,ON,CAN,CAN,70,180,2011,4,96,R,Pageau,Jean-Gabriel,C,OTT,82
595000,93-05-01,Bromont,QC,CAN,CAN,72,179,,,,R,Gaudreau,Frederick,C,NSH,9
4500000,85-08-17,Vancouver,BC,CAN,CAN,75,215,2004,7,214,R,Brouwer,Troy,RW,CGY,74
1250000,83-03-24,Hull,QC,CAN,CAN,72,200,2001,9,264,R,Parenteau,PA,RW,N.J/NSH,67
692500,95-07-01,Buffalo,NY,USA,USA,75,214,2013,2,52,R,Bailey,Justin,RW,BUF,32
925000,94-08-16,Toronto,ON,CAN,CAN,75,210,2012,3,65,L,Pelech,Adam,D,NYI,44
4838000,90-06-07,Chatham,ON,CAN,CAN,73,182,2008,4,114,L,Brodie,T.J.,D,CGY,82
750000,90-12-27,Cap-Rouge,QC,CAN,CAN,69,174,,,,R,Marchessault,Jonathan,C,FLA,75
5200000,89-12-16,Brondby,,DNK,DNK,72,210,2008,1,8,L,Boedker,Mikkel,LW/RW,S.J,81
600000,93-02-12,Plano,TX,USA,USA,73,205,2011,1,21,R,Noesen,Stefan,RW,ANA/N.J,44
925000,94-07-08,Ann Arbor,MI,USA,USA,73,206,2013,4,104,L,Copp,Andrew,C,WPG,64
4750000,87-01-01,Sollentuna,,SWE,SWE,71,189,2005,7,230,R,Hornqvist,Patric,RW,PIT,70
650000,94-01-14,Toronto,ON,CAN,CAN,72,185,2012,6,156,R,Brown,Connor,RW,TOR,82
4500000,90-02-06,Brantford,ON,CAN,CAN,72,195,2008,3,82,L,Henrique,Adam,C,N.J,82
800000,94-02-02,Fergus,ON,CAN,CAN,72,185,2012,2,47,L,McGinn,Brock,LW,CAR,57
925000,92-10-24,Eden Prairie,MN,USA,USA,68,178,2011,3,91,L,Rau,Kyle,C,FLA,24
1000000,91-12-02,Nassjo,,SWE,SWE,72,190,2010,6,157,R,Fast,Jesper,RW/LW,NYR,68
2000000,84-12-18,Hingham,MA,USA,USA,78,244,2003,1,26,L,Boyle,Brian,C/LW,T.B/TOR,75
925000,94-02-27,Pointe-Claire,QC,CAN,CAN,74,192,2012,1,23,L,Matheson,Michael,D,FLA,81
600000,92-07-25,Campbellville,ON,CAN,CAN,72,186,,,,L,Sgarbossa,Michael,C,ANA/FLA,38
832500,95-02-02,Salmon Arm,BC,CAN,CAN,72,209,2013,1,17,R,Lazar,Curtis,C/RW,CGY/OTT,37
575000,89-02-16,Toronto,ON,CAN,CAN,70,203,,,,L,Liambas,Mike,LW,NSH,1
3500000,90-10-22,St. Hyacinthe,QC,CAN,CAN,74,227,2009,4,94,R,Savard,David,D,CBJ,74
1750000,90-11-19,Winnetka,IL,USA,USA,75,210,2009,1,21,L,Moore,John,D,N.J,63
875000,93-02-24,Victoriaville,QC,CAN,CAN,73,193,2011,1,26,L,Danault,Phillip,LW/C,MTL,82
1000000,93-03-23,Omsk,,RUS,CZE,74,196,2011,2,41,L,Jaskin,Dmitrij,RW/LW,STL,51
575000,90-10-06,Ville Degelis,QC,CAN,CAN,70,190,2009,5,139,R,Dumont,Gabriel,C,T.B,39
5750000,86-12-06,Virginia,MN,USA,USA,73,200,2005,1,28,R,Niskanen,Matt,D,WSH,78
1250000,92-01-11,Sherwood Park,AB,CAN,CAN,73,200,2010,1,23,R,Pysyk,Mark,D,FLA,82
700000,91-10-29,Skellefteë,,SWE,SWE,73,202,2010,2,57,L,Lindberg,Oscar,C,NYR,65
925000,94-08-30,Yekaterinburg,,RUS,RUS,79,265,2014,3,66,L,Tryamkin,Nikita,D,VAN,66
13800000,88-04-29,Winnipeg,MB,CAN,CAN,74,201,2006,1,3,L,Toews,Jonathan,C,CHI,72
8000000,85-12-12,Maple Ridge,BC,CAN,CAN,75,200,2004,1,4,L,Ladd,Andrew,LW,NYI,78
1000000,92-02-03,Oklahoma City,OK,USA,USA,75,205,2010,2,38,L,Merrill,Jon,D,N.J,51
925000,97-05-05,Markham,ON,CAN,CAN,72,170,2015,1,4,R,Marner,Mitchell,C/RW,TOR,77
600000,93-03-26,Toronto,ON,CAN,CAN,72,205,2011,5,150,R,Corrado,Frank,D,PIT/TOR,4
832500,95-04-16,Moscow,,RUS,RUS,77,230,2013,1,16,L,Zadorov,Nikita,D,COL,56
2750000,84-12-13,Kitchener,ON,CAN,CAN,73,206,2003,2,37,R,Klein,Kevin,D,NYR,60
4250000,86-07-14,Magnitogorsk,,RUS,RUS,73,225,2006,2,44,L,Kulemin,Nikolay,LW/RW,NYI,72
3100000,94-02-12,Milwaukee,WI,USA,USA,73,210,2012,1,3,L,Galchenyuk,Alex,C/LW,MTL,61
575000,87-11-29,Victoria,BC,CAN,CAN,73,207,,,,L,Irwin,Matt,D,NSH,74
2250000,82-08-25,Strasbourg,SK,CAN,CAN,73,203,2000,2,33,L,Schultz,Nick,D,PHI,28
575000,92-09-01,Pardubice,,CZE,CZE,75,210,,,,L,Nosek,Tomas,LW/C,DET,11
600000,94-08-07,Melville,SK,CAN,CAN,74,205,2012,2,60,R,Severson,Damon,D,N.J,80
625000,84-09-30,Wethersfield,CT,USA,USA,74,219,2003,2,51,R,McDonald,Colin,RW/C,PHI,3
4000000,88-06-07,Windsor,ON,CAN,CAN,72,203,2006,4,112,L,Beleskey,Matt,LW,BOS,49
2400000,86-02-18,Meadow Lake,SK,CAN,CAN,73,202,2004,2,47,R,Comeau,Blake,LW/RW,COL,77
867500,93-10-09,Toronto,ON,CAN,CAN,72,200,2012,2,38,L,Di Giuseppe,Phillip,LW,CAR,36
1300000,85-01-30,Greenfield Park,QC,CAN,CAN,71,190,2004,4,126,R,Mitchell,Torrey,C/RW,MTL,78
575000,92-02-05,Bern,,CHE,CHE,71,192,2013,7,186,L,Vermin,Joel,RW,T.B,18
832500,95-03-28,Calgary,AB,CAN,CAN,72,195,2013,1,13,L,Morrissey,Josh,D,WPG,82
7000000,87-11-23,G_vle,,SWE,SWE,73,213,2006,1,4,L,Backstrom,Nicklas,C,WSH,82
700000,94-05-07,Burlington,ON,CAN,CAN,75,221,2012,4,95,R,Anderson,Josh,RW,CBJ,78
850000,93-04-16,Oulu,,FIN,FIN,72,183,2011,2,45,L,Granlund,Markus,C,VAN,69
925000,96-04-27,Guildford,,GBR,GBR,75,211,2014,1,12,L,Perlini,Brendan,LW,ARI,57
722500,91-11-23,Kennebunkport,ME,USA,USA,74,208,,,,R,Hathaway,Garnet,RW,CGY,26
4250000,89-05-08,Rodovre,,DNK,DNK,74,207,2007,1,13,L,Eller,Lars,C/LW/RW,WSH,81
925000,95-04-17,Cherepovets,,RUS,RUS,74,193,2013,3,75,L,Buchnevich,Pavel,RW/LW,NYR,41
1850000,81-06-17,Blaine,MN,USA,USA,72,209,2000,5,131,L,Hendricks,Matt,LW/C,EDM,42
5000000,87-09-22,Hull,QC,CAN,CAN,73,204,2006,1,6,L,Brassard,Derick,C,OTT,81
925000,95-10-27,Cologne,,DEU,DEU,73,216,2014,1,3,L,Draisaitl,Leon,C,EDM,82
615000,94-03-24,Cambridge,ON,CAN,CAN,75,210,2012,6,161,R,Dotchin,Jake,D,T.B,35
4000000,93-07-12,Karlstad,,SWE,SWE,73,193,2011,1,10,L,Brodin,Jonas,D,MIN,68
715000,93-07-29,Bayonne,,FRA,FRA,73,208,2011,2,48,L,Ouellet,Xavier,D,DET,66
1600000,85-09-08,St. John's,NL,CAN,CAN,74,195,,,,R,Purcell,Teddy,LW/RW,L.A,12
874125,93-09-07,Edmonton,AB,CAN,CAN,75,210,2011,1,11,L,Siemens,Duncan,D,COL,3
5000000,88-05-11,Halifax,NS,CAN,CAN,69,181,2006,3,71,L,Marchand,Brad,LW/C,BOS,80
1000000,81-06-13,Mlada Boleslav,,CZE,CZE,73,194,1999,7,212,R,Vrbata,Radim,RW,ARI,81
1000000,93-01-08,Marsta,,SWE,SWE,73,189,2011,2,53,L,Karlsson,William,C,CBJ,81
600000,90-02-01,Fort Lauderdale,FL,USA,USA,73,195,,,,R,Megna,Jayson,C,VAN,58
2250000,91-08-10,Buffalo,NY,USA,CAN,75,228,2009,4,104,L,Foligno,Marcus,LW,BUF,80
950000,86-05-13,Lethbridge,AB,CAN,CAN,71,176,2004,5,134,R,Versteeg,Kris,RW/LW,CGY,69
1200000,83-06-03,Sault Ste. Marie,ON,CAN,CAN,75,235,2001,2,50,R,Thorburn,Chris,RW/LW,WPG,64
950000,88-07-26,Lynnfield,MA,USA,USA,73,183,,,,R,Flynn,Brian,C/RW,MTL,51
5000000,88-02-17,Kladno,,CZE,CZE,73,194,2006,1,10,L,Frolik,Michael,RW/C,CGY,82
6500000,84-03-01,Winnipeg,MB,CAN,SWE,72,211,2002,1,24,L,Steen,Alex,LW/C,STL,76
900000,93-06-28,Brandon,MB,CAN,CAN,76,220,2011,2,46,L,Edmundson,Joel,D,STL,69
12000000,85-08-14,Sicamous,BC,CAN,CAN,76,232,2003,2,49,R,Weber,Shea,D,MTL,78
925000,96-10-29,Nousiainen,,FIN,FIN,76,211,2015,1,10,L,Rantanen,Mikko,RW,COL,75
925000,97-01-29,Karlstad,,SWE,SWE,74,197,2015,1,20,L,Eriksson Ek,Joel,C/RW/LW,MIN,15
874125,91-12-31,Toronto,ON,CAN,CAN,72,180,,,,L,Tanev,Brandon,LW/C/RW,WPG,51
5000000,84-03-20,Vantaa,,FIN,FIN,72,196,2002,3,95,L,Filppula,Valtteri,C/LW,PHI/T.B,79
1500000,86-01-17,Gothenburg,,SWE,SWE,75,209,2006,6,161,L,Stalberg,Viktor,LW/RW,CAR/OTT,75
2725000,87-07-02,Trebic,,CZE,CZE,70,197,2005,4,106,L,Sobotka,Vladimir,LW/C,STL,1
670000,94-04-16,Toronto,ON,CAN,CAN,70,190,2012,4,104,L,Smith,Gemel,C,DAL,17
875000,91-07-16,St. Cloud,MN,USA,USA,73,194,,,,L,Schmidt,Nate,D,WSH,60
3250000,79-01-18,Rochester,NY,USA,USA,67,178,1998,3,82,R,Gionta,Brian,RW,BUF,82
925000,96-01-22,Toronto,ON,CAN,CAN,72,173,2014,1,28,R,Ho-Sang,Joshua,RW/C,NYI,21
2000000,92-01-16,Newport Beach,CA,USA,USA,71,187,2010,2,59,L,Zucker,Jason,LW/RW,MIN,79
625000,86-03-30,Guelph,ON,CAN,CAN,71,205,,,,L,Haley,Micheal,C,S.J,58
925000,95-12-03,Jyv_skyl_,,FIN,FIN,71,195,2014,1,14,R,Honka,Julius,D,DAL,16
3500000,87-11-18,Welland,ON,CAN,CAN,71,218,2006,3,72,R,Clutterbuck,Cal,RW,NYI,66
925000,94-05-25,Edmonton,AB,CAN,CAN,73,195,2012,6,175,R,Benning,Matthew,D,EDM,62
1650000,87-05-15,St. Albert,AB,CAN,CAN,76,214,,,,L,Holden,Nick,D,NYR,80
640000,93-04-08,Skellefteë,,SWE,SWE,69,180,2014,4,112,R,Arvidsson,Viktor,LW/RW,NSH,80
925000,95-05-20,Arvika,,SWE,SWE,75,214,2013,2,34,L,De la Rose,Jacob,LW,MTL,9
1900000,92-11-22,Zhukovskiy,,RUS,RUS,71,180,2011,1,27,L,Namestnikov,Vladislav,C/LW,T.B,74
925000,96-01-22,Mississauga,ON,CAN,CAN,70,195,2014,1,21,L,Fabbri,Robby,C/LW,STL,51
4000000,91-03-28,Frydek-Mistek,,CZE,CZE,72,188,2011,7,208,L,Palat,Ondrej,LW,T.B,75
6500000,85-03-21,Rochester,NY,USA,USA,70,187,2004,4,127,R,Callahan,Ryan,RW,T.B,18
700000,91-04-12,Norrkoping,,SWE,SWE,75,203,2009,1,10,L,Paajarvi,Magnus,LW,STL,32
925000,97-03-11,London,ON,CAN,CAN,70,175,2015,1,24,R,Konecny,Travis,C/LW,PHI,70
925000,93-05-26,Boston,MA,USA,USA,75,207,2012,3,66,L,Vesey,Jimmy,LW,NYR,80
1025000,89-12-07,Esbjerg,,DNK,DNK,73,185,2008,5,149,R,Larsen,Philip,D,VAN,26
925000,96-02-14,Aalborg,,DNK,DNK,72,172,2014,1,9,L,Ehlers,Nikolaj,LW,WPG,82
925000,94-03-26,Lakeville,MN,USA,USA,75,211,2012,1,28,L,Skjei,Brady,D,NYR,80
1750000,85-10-16,Calgary,AB,CAN,CAN,75,215,,,,R,Beagle,Jay,C/RW,WSH,81
6000000,91-11-14,Calgary,AB,CAN,CAN,73,201,2010,1,1,L,Hall,Taylor,LW/C,N.J,72
2500000,93-10-06,Nizhnekamsk,,RUS,RUS,71,195,2012,1,1,L,Yakupov,Nail,RW/LW,STL,40
667500,94-04-03,Chicago,IL,USA,USA,69,173,2012,6,169,R,Hinostroza,Vinnie,LW/C,CHI,49
3700000,85-02-27,Shaunavon,SK,CAN,CAN,77,223,2003,1,8,L,Coburn,Braydon,D,T.B,80
650000,92-05-29,Bloomfield Hills,MI,USA,USA,73,210,,,,R,Brown,Patrick,C,CAR,14
925000,97-01-30,Boston,MA,USA,USA,72,183,2015,1,21,R,White,Colin,C/D,OTT,2
832500,95-07-12,Lac-Beauport,QC,CAN,CAN,78,202,2013,1,11,L,Morin,Samuel,D,PHI,1
667500,92-06-08,Winchester,MA,USA,USA,68,175,,,,L,Sheary,Conor,LW,PIT,61
832500,94-03-25,Sudbury,ON,CAN,CAN,74,217,2012,1,26,L,Gaunce,Brendan,C/LW,VAN,57
7000000,80-09-26,Ornskoldsvik,,SWE,SWE,73,190,1999,1,2,L,Sedin,Daniel,LW,VAN,82
925000,98-04-19,Tampere,,FIN,FIN,77,206,2016,1,2,R,Laine,Patrik,RW,WPG,73
925000,97-04-06,Brno,,CZE,CZE,75,210,2015,1,6,L,Zacha,Pavel,C,N.J,70
3750000,93-07-11,Pittsburgh,PA,USA,USA,70,182,2011,3,64,R,Trocheck,Vincent,C/RW,FLA,82
6000000,83-03-20,Kitchener,ON,CAN,CAN,72,202,2002,8,241,R,Wideman,Dennis,D,CGY,57
750000,93-03-31,Aurora,ON,CAN,CAN,71,185,2011,1,12,R,Murphy,Ryan,D,CAR,27
7000000,90-01-18,King City,ON,CAN,CAN,75,205,2008,1,4,R,Pietrangelo,Alex,D,STL,80
640000,96-10-08,Quebec City,QC,CAN,CAN,71,174,2015,4,115,R,Carrier,Alex,D,NSH,2
3000000,88-08-05,Fergus,ON,CAN,CAN,73,205,2006,2,36,L,McGinn,Jamie,LW/RW,ARI,72
925000,94-10-23,Farevejle,,DNK,DNK,73,182,2013,2,45,R,Sorensen,Nick,RW,ANA,5
925000,97-05-26,Coquitlam,BC,CAN,CAN,72,182,2015,1,16,R,Barzal,Mathew,C,NYI,2
3000000,90-10-13,G_vle,,SWE,SWE,74,196,2009,2,39,R,Silfverberg,Jakob,RW/LW,ANA,79
3750000,92-05-13,Winnipeg,MB,CAN,CAN,75,206,2010,6,178,R,Stone,Mark,RW,OTT,71
9500000,86-07-31,Magnitogorsk,,RUS,RUS,75,195,2004,1,2,L,Malkin,Evgeni,C/RW,PIT,62
1250000,92-02-25,Stockholm,,SWE,SWE,73,189,2010,3,90,L,Nordstrom,Joakim,LW/C,CAR,82
925000,97-06-08,Sorel-Tracy,QC,CAN,CAN,71,170,2015,1,28,L,Beauvillier,Anthony,C/LW,NYI,66
842500,93-09-23,Stockholm,,SWE,SWE,71,196,2012,2,37,R,Aberg,Pontus,LW,NSH,15
4000000,89-09-05,Madison,WI,USA,USA,73,208,2009,4,98,R,Smith,Craig,RW/LW/C,NSH,78
2700000,84-04-27,Rochester,MN,USA,USA,74,215,2003,1,21,L,Stuart,Mark,D,WPG,42
5000000,87-01-13,Indianapolis,IN,USA,USA,73,226,2005,1,3,L,Johnson,Jack,D,CBJ,82
575000,93-03-09,Raahe,,FIN,FIN,71,203,2011,2,52,L,Salomaki,Miikka,RW,NSH,5
600000,90-09-21,St. Paul,MN,USA,USA,72,196,2009,5,150,R,Jensen,Nick,D,DET,49
3700000,89-10-02,Bowmanville,ON,CAN,CAN,73,210,2008,1,9,L,Bailey,Josh,RW/LW/C,NYI,82
6500000,79-09-15,Aneroid,SK,CAN,CAN,74,215,1997,1,2,L,Marleau,Patrick,LW/C,S.J,82
575000,83-10-09,Rochester,NY,USA,USA,67,175,,,,R,Gionta,Stephen,RW/C,NYI,26
680000,93-04-16,Burnsville,MN,USA,USA,77,210,2011,4,101,L,Labate,Joseph,C,VAN,13
600000,92-09-26,Denver,CO,USA,USA,73,201,2011,3,82,R,Shore,Nick,C,L.A,70
9000000,85-01-21,Madison,WI,USA,USA,74,206,2003,1,7,L,Suter,Ryan,D,MIN,82
4250000,87-03-30,Montreal,QC,CAN,CAN,73,205,2005,2,35,L,Vlasic,Marc-Edouard,D,S.J,75
7000000,82-10-31,Kladno,,CZE,CZE,71,196,2001,3,71,L,Plekanec,Tomas,C,MTL,78
925000,93-05-12,St. Albert,AB,CAN,CAN,78,226,2012,3,86,R,Parayko,Colton,D,STL,81
